RouteHistoryFullBkup,3
Group,"","","","","","","","","","","","","","","","","","","","","","","","","",""
GroupColor,"","","","","","","","","","","","","","","","","","","","","","","","","",""
Tag
LogHeader,"","",1
LogTag
tp,38.05332478277331,-121.69208959361633,2025-02-05T18:34:47Z,1.0872061979025602
tp,38.053255786986945,-121.69218560843574,2025-02-05T18:34:54Z,1.3503468530252576
tp,38.05318592535394,-121.69226366624257,2025-02-05T18:35:00Z,1.8902326012030244
tp,38.053110514192305,-121.69234149745924,2025-02-05T18:35:06Z,2.3120268443599343
tp,38.053033369673734,-121.69241633872119,2025-02-05T18:35:12Z,2.616626580245793
tp,38.052952141799125,-121.6924905574066,2025-02-05T18:35:18Z,2.5246986439451575
tp,38.05286921051711,-121.6925585065255,2025-02-05T18:35:24Z,2.534657221287489
tp,38.05279507462381,-121.69263332547493,2025-02-05T18:35:33Z,1.8616256387904286
tp,38.05272733806188,-121.69271486294203,2025-02-05T18:35:43Z,2.5146108232438564
tp,38.05265609371274,-121.69279653710007,2025-02-05T18:35:54Z,2.9098922591656446
tp,38.052581803900736,-121.69287346835111,2025-02-05T18:36:05Z,3.3792772330343723
tp,38.05250776326608,-121.69295061218926,2025-02-05T18:36:16Z,3.625590511597693
tp,38.052433953498586,-121.69302928781735,2025-02-05T18:36:29Z,3.034808845259249
tp,38.05236374735579,-121.69310181602569,2025-02-05T18:36:39Z,2.907018701545894
tp,38.05229583102133,-121.69317933720079,2025-02-05T18:36:50Z,2.5311513878405094
tp,38.05223027640527,-121.69325843705273,2025-02-05T18:37:04Z,5.445067732594907
tp,38.052158271418506,-121.69334554732045,2025-02-05T18:37:16Z,4.2255179369822145
tp,38.05208973769548,-121.69342996575753,2025-02-05T18:37:26Z,3.3128196094185114
tp,38.05201870154076,-121.69351712262868,2025-02-05T18:37:36Z,3.625320832245052
tp,38.051959169883105,-121.69360343645694,2025-02-05T18:37:45Z,4.336737538687885
tp,38.051897529824245,-121.69369428474067,2025-02-05T18:37:58Z,6.288599904626608
tp,38.05182583731752,-121.69377205355825,2025-02-05T18:38:07Z,5.065565929748118
tp,38.05176060872952,-121.69385463855278,2025-02-05T18:38:16Z,4.142746798694134
tp,38.05168869578367,-121.6939297757089,2025-02-05T18:38:25Z,3.4056003531441092
tp,38.05161714995677,-121.69400675589678,2025-02-05T18:38:34Z,3.4148438088595867
tp,38.05155517774479,-121.69409157714165,2025-02-05T18:38:46Z,2.7312036901712418
tp,38.051479908279475,-121.6941683327837,2025-02-05T18:38:56Z,3.021904891356826
tp,38.051406076921964,-121.69424187937254,2025-02-05T18:39:06Z,2.8347101816907525
tp,38.051330118558155,-121.69431100445001,2025-02-05T18:39:16Z,2.633564779534936
tp,38.05125258732006,-121.69438245163234,2025-02-05T18:39:29Z,1.9391045616939664
tp,38.05116804687257,-121.69444765587902,2025-02-05T18:39:41Z,1.650854952633381
tp,38.051035538114085,-121.69456980907921,2025-02-05T18:40:04Z,1.185717056505382
tp,38.05095069075203,-121.69463299740298,2025-02-05T18:40:12Z,2.0120629938319325
tp,38.050862195963,-121.69467773515929,2025-02-05T18:40:21Z,2.686398698017001
tp,38.05077976987704,-121.69473891505062,2025-02-05T18:40:32Z,3.085192839615047
tp,38.050705302057956,-121.69480342772921,2025-02-05T18:40:42Z,2.574483818374574
tp,38.05062726587818,-121.69487250395588,2025-02-05T18:40:52Z,1.7511274013668299
tp,38.05054355771501,-121.69494156266077,2025-02-05T18:41:02Z,2.13958693202585
tp,38.05047274520183,-121.69501727356251,2025-02-05T18:41:12Z,1.1138063753023744
tp,38.05040563596765,-121.69509388604531,2025-02-05T18:41:26Z,1.2501721559092402
tp,38.05032734058054,-121.69516885469609,2025-02-05T18:41:35Z,2.14704529941082
tp,38.0502630818992,-121.69525621304247,2025-02-05T18:41:46Z,3.814337672665715
tp,38.05018696782882,-121.69533611918678,2025-02-05T18:41:57Z,4.268458847887814
tp,38.05012154923425,-121.69542194486075,2025-02-05T18:42:07Z,2.9775318652391434
tp,38.050062866060074,-121.69550886281267,2025-02-05T18:42:17Z,2.613519503735006
tp,38.049992301852946,-121.69559106204403,2025-02-05T18:42:26Z,2.647704817354679
tp,38.04992483085659,-121.6956720959539,2025-02-05T18:42:36Z,2.4663743441924453
tp,38.04985695257139,-121.69580191415429,2025-02-05T18:42:55Z,4.800900493748486
tp,38.04977950176057,-121.69588261651232,2025-02-05T18:43:04Z,6.332133010029793
tp,38.04967743728278,-121.69603318239832,2025-02-05T18:43:21Z,6.725792985409498
tp,38.04960634865523,-121.696109842846,2025-02-05T18:43:33Z,6.614331522025168
tp,38.04952807584785,-121.69618275772528,2025-02-05T18:43:41Z,5.477346993982792
tp,38.04945074537462,-121.69625528969058,2025-02-05T18:43:49Z,3.252519166097045
tp,38.04938315999251,-121.69634076784678,2025-02-05T18:43:59Z,2.2801005160436034
tp,38.049314148284196,-121.69641893057674,2025-02-05T18:44:08Z,2.6040958650410175
tp,38.0492412326689,-121.69650263436834,2025-02-05T18:44:19Z,2.8637825148180127
tp,38.049174175691334,-121.69658847186102,2025-02-05T18:44:34Z,3.1140600871294737
tp,38.049105803223846,-121.69666899728963,2025-02-05T18:44:44Z,3.2640748796984553
tp,38.04903772646669,-121.69675942699618,2025-02-05T18:44:55Z,3.0952788395807147
tp,38.04897723580965,-121.69684835912243,2025-02-05T18:45:05Z,2.4964968347921968
tp,38.048899113505314,-121.6969272423162,2025-02-05T18:45:16Z,2.8014498436823487
tp,38.048821681787906,-121.69700017282975,2025-02-05T18:45:23Z,2.801201210357249
tp,38.04874024392085,-121.69705618774235,2025-02-05T18:45:29Z,2.3309481805190444
tp,38.048641166912965,-121.69709773598194,2025-02-05T18:45:35Z,2.6462730495259166
tp,38.048549089404915,-121.69711592558083,2025-02-05T18:45:41Z,2.9654164146631956
tp,38.04845032739033,-121.6971200316943,2025-02-05T18:45:48Z,3.22965629119426
tp,38.04835486602895,-121.69710787883336,2025-02-05T18:45:55Z,3.4632852971553802
tp,38.04827661488901,-121.6970364488594,2025-02-05T18:46:04Z,3.2274359576404095
tp,38.048297661087,-121.69692261040127,2025-02-05T18:46:12Z,2.9921105839312077
tp,38.04838616828135,-121.69686541741494,2025-02-05T18:46:19Z,3.0794469276443124
tp,38.04849201250368,-121.69683937028664,2025-02-05T18:46:25Z,3.564225404523313
tp,38.04859458951959,-121.69679767360081,2025-02-05T18:46:31Z,4.003377613611519
tp,38.04868309556972,-121.69672737523227,2025-02-05T18:46:37Z,3.659700614400208
tp,38.04875819038307,-121.69663656515665,2025-02-05T18:46:43Z,3.159658033400774
tp,38.04882699390915,-121.69653822215227,2025-02-05T18:46:49Z,3.0583776040002704
tp,38.048887182483305,-121.69644867678917,2025-02-05T18:46:54Z,2.850838616490364
tp,38.048949438943076,-121.69636431836273,2025-02-05T18:46:59Z,2.780743971467018
tp,38.04901311075963,-121.69628148974358,2025-02-05T18:47:04Z,2.534092454239726
tp,38.04908489131424,-121.69620265868309,2025-02-05T18:47:09Z,2.6609573550522327
tp,38.04915788340728,-121.69612954654725,2025-02-05T18:47:14Z,2.8505673678591847
tp,38.04923122975824,-121.69606211706707,2025-02-05T18:47:19Z,3.0615155957639217
tp,38.04930412814893,-121.69599382584104,2025-02-05T18:47:24Z,3.192193215712905
tp,38.04937489706249,-121.69592196867568,2025-02-05T18:47:29Z,3.278374245390296
tp,38.049451928835616,-121.69585784673548,2025-02-05T18:47:34Z,3.2442331071943045
tp,38.04952670030098,-121.69578844688918,2025-02-05T18:47:39Z,3.266299743205309
tp,38.049600527347756,-121.69571647599594,2025-02-05T18:47:44Z,3.1107695791870356
tp,38.049667283897094,-121.69563843845025,2025-02-05T18:47:49Z,2.6992357848212123
tp,38.04974442263347,-121.6955465275393,2025-02-05T18:47:55Z,2.3890741067007184
tp,38.049819104586625,-121.69546797959237,2025-02-05T18:48:00Z,2.588452249765396
tp,38.049884054560586,-121.6953853604554,2025-02-05T18:48:05Z,2.815005701035261
tp,38.04995160733165,-121.69530671900718,2025-02-05T18:48:10Z,2.7348731737583876
tp,38.05002255859348,-121.69523531793772,2025-02-05T18:48:15Z,2.8394290804862976
tp,38.05018260120971,-121.69505454346634,2025-02-05T18:48:27Z,3.5866274861618876
tp,38.05025240795609,-121.69497735154843,2025-02-05T18:48:32Z,3.5967028262093663
tp,38.05033113516796,-121.6948847413242,2025-02-05T18:48:38Z,3.18698622379452
tp,38.05039541663749,-121.69477558228768,2025-02-05T18:48:44Z,2.902861044742167
tp,38.05044664431117,-121.69468011356821,2025-02-05T18:48:49Z,2.6256720889359713
tp,38.050479850116545,-121.69457060934748,2025-02-05T18:48:54Z,2.5991281773895025
tp,38.050493117846706,-121.694438368469,2025-02-05T18:49:00Z,3.0088680759072304
tp,38.05050296340087,-121.6943215516053,2025-02-05T18:49:05Z,3.016478014178574
tp,38.050546295158604,-121.69420896749516,2025-02-05T18:49:11Z,3.2502377601340413
tp,38.05061094910298,-121.69411296112015,2025-02-05T18:49:17Z,3.5692393062636256
tp,38.05067841002689,-121.69403263592488,2025-02-05T18:49:22Z,3.567955340258777
tp,38.05074776811435,-121.6939539436411,2025-02-05T18:49:27Z,2.992847252637148
tp,38.050827481358105,-121.69386445468129,2025-02-05T18:49:33Z,3.3699675239622593
tp,38.05090414651217,-121.69377292335652,2025-02-05T18:49:39Z,3.7266079941764474
tp,38.050973314072685,-121.69369079697013,2025-02-05T18:49:44Z,3.601744101382792
tp,38.05105677487408,-121.69361087053579,2025-02-05T18:49:50Z,3.817463856190443
tp,38.051136739515776,-121.69352624951381,2025-02-05T18:49:56Z,4.027717151679099
tp,38.05120514574865,-121.69344761796124,2025-02-05T18:50:01Z,4.483861695975065
tp,38.05128583251234,-121.69335756298885,2025-02-05T18:50:07Z,4.480847843922675
tp,38.0513541352715,-121.69328175319856,2025-02-05T18:50:12Z,4.102399445138872
tp,38.051426201324325,-121.69320650209414,2025-02-05T18:50:17Z,4.343361842446029
tp,38.05150205253522,-121.69314220154762,2025-02-05T18:50:22Z,4.5136187532916665
tp,38.051577134113444,-121.69306882488522,2025-02-05T18:50:27Z,4.793654553592205
tp,38.05164697390397,-121.69298470856116,2025-02-05T18:50:32Z,4.435473008081317
tp,38.05170041600175,-121.69288278193264,2025-02-05T18:50:37Z,4.431734615005553
tp,38.05177529735659,-121.69268207117221,2025-02-05T18:50:46Z,3.937440140172839
tp,38.05179701838994,-121.6925654316844,2025-02-05T18:50:51Z,3.816384025849402
tp,38.05181320038766,-121.69244983693946,2025-02-05T18:50:56Z,3.972770042717457
tp,38.05185470050816,-121.69234152160624,2025-02-05T18:51:01Z,3.6947303181514144
tp,38.05190101281735,-121.69223803375081,2025-02-05T18:51:06Z,3.530949513427913
tp,38.051954583685024,-121.69213913350367,2025-02-05T18:51:11Z,3.6149770384654403
tp,38.052017960404704,-121.69204408205368,2025-02-05T18:51:16Z,4.080593668855727
tp,38.05207553470914,-121.69194553866194,2025-02-05T18:51:21Z,4.215514506213367
tp,38.05212163255886,-121.6918401518014,2025-02-05T18:51:26Z,4.031907672062516
tp,38.052150227342835,-121.69172839619155,2025-02-05T18:51:31Z,4.49857618752867
tp,38.09067291204469,-121.64358083353707,2025-02-05T19:13:00Z,2.167375197634101
tp,38.090644755026744,-121.64346228784184,2025-02-05T19:13:09Z,2.408674342557788
tp,38.090613553349236,-121.64334052863364,2025-02-05T19:13:17Z,2.807264576666057
tp,38.09057221549341,-121.64321103071237,2025-02-05T19:13:25Z,2.7921674447134137
tp,38.09052137765017,-121.64309270279992,2025-02-05T19:13:32Z,2.3822443298995495
tp,38.09048962280449,-121.64297312446996,2025-02-05T19:13:38Z,2.267549619078636
tp,38.09045695731154,-121.64286572188733,2025-02-05T19:13:44Z,2.577595127746463
tp,38.09042623445088,-121.64275233210518,2025-02-05T19:13:52Z,2.425755836069584
tp,38.0904230468724,-121.64262894217111,2025-02-05T19:14:18Z,2.15523330681026
tp,38.0904103969527,-121.64251439119347,2025-02-05T19:14:32Z,2.389581363648176
tp,38.090406674741224,-121.64239464328685,2025-02-05T19:14:53Z,2.3582714200019836
tp,38.09036544623776,-121.64228995471525,2025-02-05T19:15:10Z,3.133552808314562
tp,38.09031571422377,-121.64218713258181,2025-02-05T19:15:30Z,2.928149104118347
tp,38.090278517077664,-121.64204985946465,2025-02-05T19:16:01Z,2.8733307728543878
tp,38.09023112630946,-121.64194037704209,2025-02-05T19:16:12Z,3.3796634804457426
tp,38.09017900064719,-121.64184006601383,2025-02-05T19:16:29Z,2.973782363347709
tp,38.09012920703651,-121.64174277281576,2025-02-05T19:16:49Z,1.7428399957716465
tp,38.090093548843356,-121.64163219901866,2025-02-05T19:17:09Z,2.6419918928295374
tp,38.09006045939772,-121.64152189127616,2025-02-05T19:17:37Z,2.578881966881454
tp,38.09003325191828,-121.64140750480874,2025-02-05T19:17:55Z,2.2784001529216766
tp,38.09002723760321,-121.64129182589502,2025-02-05T19:18:16Z,2.545443062670529
tp,38.09003291754691,-121.64117236450235,2025-02-05T19:18:39Z,2.0970499459654093
tp,38.089987096880286,-121.64106425512809,2025-02-05T19:18:56Z,2.4636089438572526
tp,38.08993609828641,-121.64095709947296,2025-02-05T19:19:05Z,2.157689315266907
tp,38.08989804885166,-121.64084365628695,2025-02-05T19:19:14Z,1.9778807666152716
tp,38.08986713013957,-121.64073350581945,2025-02-05T19:19:23Z,1.990846922621131
tp,38.089809698699945,-121.64064305522525,2025-02-05T19:19:32Z,2.0682742800563574
tp,38.0897264557409,-121.64058234036854,2025-02-05T19:19:43Z,1.8174615064635873
tp,38.08963560131428,-121.64057449262825,2025-02-05T19:19:52Z,1.7586066648364067
tp,38.08954901799032,-121.64062483114127,2025-02-05T19:20:01Z,1.543702227063477
tp,38.08949356118103,-121.64073203835508,2025-02-05T19:20:10Z,1.5376368341967463
tp,38.08946096785217,-121.64084575222601,2025-02-05T19:20:18Z,2.3132348507642746
tp,38.089458995353695,-121.64096588612945,2025-02-05T19:20:25Z,2.7992362044751644
tp,38.08946444877343,-121.64109165898266,2025-02-05T19:20:32Z,3.076200923882425
tp,38.0894866637277,-121.64121216267273,2025-02-05T19:20:39Z,2.7540233731269836
tp,38.08952710591088,-121.64133379709013,2025-02-05T19:20:46Z,2.1128636561334133
tp,38.08956606973564,-121.64143885031936,2025-02-05T19:20:52Z,2.155124308541417
tp,38.08960467654954,-121.64154875630598,2025-02-05T19:20:58Z,2.4173843199387193
tp,38.08964071970153,-121.64165575563548,2025-02-05T19:21:04Z,2.3830114556476474
tp,38.089677937668164,-121.6417809920686,2025-02-05T19:21:11Z,2.2184107434004545
tp,38.08969704153923,-121.6418945555335,2025-02-05T19:21:17Z,2.7538493406027555
tp,38.08971262275808,-121.64204143879759,2025-02-05T19:21:25Z,1.9260481931269169
tp,38.08975102649051,-121.64215175289398,2025-02-05T19:21:32Z,1.4297165926545858
tp,38.08980038050874,-121.6422599416615,2025-02-05T19:21:39Z,1.7092493055388331
tp,38.089859256211696,-121.64236423654202,2025-02-05T19:21:46Z,1.8416450638324022
tp,38.08992802301159,-121.64245625548712,2025-02-05T19:21:53Z,2.4878645269200206
tp,38.08998213028884,-121.64255261869684,2025-02-05T19:22:00Z,3.0977997994050384
tp,38.09005264531514,-121.64264294912587,2025-02-05T19:22:07Z,3.1510247122496367
tp,38.0901105526882,-121.64274798619094,2025-02-05T19:22:14Z,2.3524411488324404
tp,38.09016002760662,-121.64285552885192,2025-02-05T19:22:21Z,2.0776501884683967
tp,38.090201316707905,-121.64296671019515,2025-02-05T19:22:28Z,2.2323141992092133
tp,38.090246887669075,-121.64307968856762,2025-02-05T19:22:35Z,1.9722286323085427
tp,38.09030149425987,-121.64317953114835,2025-02-05T19:22:42Z,2.132560878060758
tp,38.09037845614421,-121.64324339615385,2025-02-05T19:22:50Z,2.4231782611459494
tp,38.090475631572225,-121.64322480421934,2025-02-05T19:23:01Z,2.235555300489068
tp,38.09055201648866,-121.64315662604443,2025-02-05T19:23:15Z,1.9300011228770018
tp,38.090530881657294,-121.64303575435144,2025-02-05T19:27:56Z,1.662531335838139
tp,38.09050197980141,-121.64291798984758,2025-02-05T19:28:05Z,0.986700102686882
tp,38.09049070187182,-121.64279036032976,2025-02-05T19:28:14Z,1.4598824586719275
tp,38.090468222772294,-121.64266543373351,2025-02-05T19:28:21Z,1.2094043539837003
tp,38.09043915381865,-121.6425408836668,2025-02-05T19:28:28Z,0.4847767222672701
tp,38.0904068842177,-121.64242601813052,2025-02-05T19:28:35Z,0.11321381200104952
tp,38.090381658113465,-121.64230172434299,2025-02-05T19:28:43Z,0.1511941058561206
tp,38.090365819364195,-121.64217286695181,2025-02-05T19:28:59Z,1.1570406462997198
tp,38.090358976379854,-121.64205294088315,2025-02-05T19:29:14Z,0.6516350852325559
tp,38.090304615260095,-121.64195765923682,2025-02-05T19:29:28Z,1.139168033376336
tp,38.09024091479975,-121.64187253794799,2025-02-05T19:29:46Z,0.7504831058904529
tp,38.090162316244644,-121.64180097787684,2025-02-05T19:30:01Z,0.3383339075371623
tp,38.09011148209897,-121.6416979726171,2025-02-05T19:30:19Z,0.4697049129754305
tp,38.09007740381643,-121.6415907455776,2025-02-05T19:30:35Z,0.2961844280362129
tp,38.0900408883557,-121.64147707219584,2025-02-05T19:30:53Z,0.9471658440306783
tp,38.089981382005476,-121.64138182077622,2025-02-05T19:31:15Z,1.2064409293234348
tp,38.08991266607005,-121.64129887138608,2025-02-05T19:31:35Z,1.0724794697016478
tp,38.08984866909462,-121.64121406479164,2025-02-05T19:32:07Z,0.4615514250472188
tp,38.08980819021334,-121.64109769954958,2025-02-05T19:32:35Z,0.5696488907560706
tp,38.08978873283173,-121.64097082699496,2025-02-05T19:32:58Z,0.7526599429547787
tp,38.08973775425518,-121.64087416845196,2025-02-05T19:33:21Z,0.4330960316583514
tp,38.08973711723614,-121.64075565090825,2025-02-05T19:33:46Z,1.2615021551027894
tp,38.08973510660285,-121.64063989481964,2025-02-05T19:34:04Z,0.7180885626003146
tp,38.08971957760919,-121.64052401092839,2025-02-05T19:34:30Z,1.444742076098919
tp,38.08971149340273,-121.6404040760878,2025-02-05T19:34:53Z,1.3485041223466396
tp,38.08972762817032,-121.6402900182195,2025-02-05T19:35:19Z,-0.40901851281523705
tp,38.08971403163302,-121.64017694088919,2025-02-05T19:35:37Z,1.8896679617464542
tp,38.08973233918334,-121.64006439491216,2025-02-05T19:35:55Z,0.6153593081980944
tp,38.08975295256758,-121.63994894474554,2025-02-05T19:36:22Z,1.3167035495862365
tp,38.089717744321284,-121.63975145801093,2025-02-05T19:37:26Z,0.96075782738626
tp,38.089715396217095,-121.63963739423039,2025-02-05T19:37:37Z,1.2519019190222025
tp,38.08970480415507,-121.63952372047382,2025-02-05T19:38:08Z,1.1420724811032414
tp,38.089695866591605,-121.63940907643844,2025-02-05T19:38:28Z,1.0446288026869297
tp,38.08968171085562,-121.6392919130396,2025-02-05T19:38:37Z,0.06308631878346205
tp,38.089642031773096,-121.6391790741258,2025-02-05T19:38:45Z,0.6015451559796929
tp,38.08959500941331,-121.63908001350946,2025-02-05T19:38:53Z,1.0627805953845382
tp,38.08951324935925,-121.63902592160318,2025-02-05T19:39:03Z,0.6535254782065749
tp,38.08942221828416,-121.6390140040284,2025-02-05T19:39:13Z,0.5379951996728778
tp,38.08933003123564,-121.63902093084813,2025-02-05T19:39:21Z,0.19590834435075521
tp,38.08923193006871,-121.63904241812517,2025-02-05T19:39:30Z,0.013733960688114166
tp,38.08914254142473,-121.63910081039351,2025-02-05T19:39:38Z,0.04922413267195225
tp,38.08907657360085,-121.63919905034933,2025-02-05T19:39:46Z,0.36059362906962633
tp,38.08903375756994,-121.63930476782207,2025-02-05T19:39:53Z,0.739258760586381
tp,38.08901558944195,-121.63942628659946,2025-02-05T19:40:00Z,1.2383408630266786
tp,38.08900916377538,-121.63955079393376,2025-02-05T19:40:07Z,1.168840553611517
tp,38.089025569177636,-121.63967245086674,2025-02-05T19:40:14Z,1.5372237833216786
tp,38.08905990340465,-121.63978174420129,2025-02-05T19:40:20Z,1.5689691482111812
tp,38.089101364037,-121.639886708895,2025-02-05T19:40:26Z,1.5527995461598039
tp,38.08914667251316,-121.63998702817696,2025-02-05T19:40:32Z,1.4799653561785817
tp,38.08919691814228,-121.64008311401578,2025-02-05T19:40:37Z,1.6267370898276567
tp,38.08925846774826,-121.64018371732935,2025-02-05T19:40:43Z,1.1969805229455233
tp,38.08930707019416,-121.64029702161696,2025-02-05T19:40:49Z,1.1230555847287178
tp,38.08934900164129,-121.6404095538663,2025-02-05T19:40:55Z,0.7851791232824326
tp,38.08939252955253,-121.64051856033826,2025-02-05T19:41:01Z,0.41751500591635704
tp,38.08942445534196,-121.64062985229727,2025-02-05T19:41:07Z,0.6535837557166815
tp,38.08946393465114,-121.64074128476116,2025-02-05T19:41:13Z,0.8462206730619073
tp,38.08948973801206,-121.64085623969446,2025-02-05T19:41:19Z,1.7273343410342932
tp,38.08952354392094,-121.64096747553555,2025-02-05T19:41:25Z,1.7316069370135665
tp,38.08956384012581,-121.64107384328867,2025-02-05T19:41:31Z,1.2334068389609456
tp,38.08960651521041,-121.64118371385472,2025-02-05T19:41:37Z,0.9409490404650569
tp,38.08965589888861,-121.6412920353179,2025-02-05T19:41:43Z,0.9655719511210918
tp,38.0896997550485,-121.64139378846032,2025-02-05T19:41:49Z,0.8674167022109032
tp,38.08974167696959,-121.64150481342898,2025-02-05T19:41:55Z,0.5270407386124134
tp,38.08978428267121,-121.64161177139889,2025-02-05T19:42:01Z,0.693654372356832
tp,38.08981853966231,-121.64172277136896,2025-02-05T19:42:07Z,1.436497283168137
tp,38.089850020946976,-121.64183627209694,2025-02-05T19:42:13Z,1.4643355524167418
tp,38.08988031622517,-121.6419522572697,2025-02-05T19:42:19Z,1.4833530215546489
tp,38.08990878516423,-121.64206805216206,2025-02-05T19:42:25Z,1.4212262416258454
tp,38.08993906154089,-121.6421818772929,2025-02-05T19:42:31Z,1.5037432750687003
tp,38.089965396727884,-121.64229306199857,2025-02-05T19:42:37Z,1.3261962430551648
tp,38.09000174749618,-121.64240293811788,2025-02-05T19:42:43Z,1.120947447605431
tp,38.09005009383797,-121.64250763573999,2025-02-05T19:42:49Z,1.0911770854145288
tp,38.09071108682295,-121.64364629021799,2025-02-05T19:50:32Z,-1.0633327420800924
tp,38.09068106564882,-121.64353801429745,2025-02-05T19:50:43Z,-0.8307862170040607
tp,38.09063123256033,-121.6434311153211,2025-02-05T19:50:52Z,-0.278249460272491
tp,38.090586134581436,-121.64331997847277,2025-02-05T19:51:03Z,-0.7159398421645164
tp,38.09053954412379,-121.64321406643006,2025-02-05T19:51:12Z,-1.2909572198987007
tp,38.09049505894945,-121.64310954420104,2025-02-05T19:51:26Z,1.108005546964705
tp,38.0904500183912,-121.64299784585985,2025-02-05T19:51:47Z,-0.24855026602745056
tp,38.09041190172731,-121.64289047332203,2025-02-05T19:52:09Z,0.08848207723349333
tp,38.090371795637004,-121.64278530640088,2025-02-05T19:52:40Z,-0.6389678409323096
tp,38.09035804673222,-121.64267065825092,2025-02-05T19:53:14Z,0.2310379035770893
tp,38.09031626980004,-121.6425567213026,2025-02-05T19:53:39Z,0.08064771071076393
tp,38.09025236413732,-121.642476054236,2025-02-05T19:53:56Z,-0.34834196511656046
tp,38.090186606257184,-121.6423693110964,2025-02-05T19:54:33Z,0.327474981546402
tp,38.09014675221782,-121.64226428636191,2025-02-05T19:54:49Z,0.2813876895233989
tp,38.09010105391763,-121.6421651335951,2025-02-05T19:55:10Z,0.02011694200336933
tp,38.090059332143994,-121.64205885576415,2025-02-05T19:55:42Z,-0.3004743391647935
tp,38.09009249131801,-121.64194411527895,2025-02-05T19:56:12Z,-0.30232715141028166
tp,38.090107545690046,-121.64182879516892,2025-02-05T19:56:44Z,0.20440077129751444
tp,38.090055355364164,-121.64173326870934,2025-02-05T19:57:15Z,1.1338557694107294
tp,38.090000146927416,-121.64164215805094,2025-02-05T19:57:39Z,-0.301350187510252
tp,38.089970780173054,-121.64153259656236,2025-02-05T19:58:20Z,1.3578117489814758
tp,38.089961222899106,-121.64141850208155,2025-02-05T19:59:06Z,0.11335256602615118
tp,38.08994570437,-121.64130523922877,2025-02-05T20:00:01Z,1.1794693227857351
tp,38.08991092583221,-121.641191910304,2025-02-05T20:01:21Z,1.094741695560515
tp,38.08985708792276,-121.64109977324232,2025-02-05T20:01:31Z,0.42837704438716173
tp,38.08978229829535,-121.64103095508534,2025-02-05T20:01:44Z,-0.02256007120013237
tp,38.08972914329923,-121.64092569262102,2025-02-05T20:02:05Z,0.3080703169107437
tp,38.089751313485465,-121.64081379134308,2025-02-05T20:02:29Z,0.046523322351276875
tp,38.08975360059168,-121.64093102698445,2025-02-05T20:03:13Z,0.37674935534596443
tp,38.089756516544014,-121.64104896634468,2025-02-05T20:03:39Z,-0.09983334690332413
tp,38.08976738019095,-121.64116410773786,2025-02-05T20:04:05Z,-0.7176975766196847
LogEnd
LogHeader,"","",1
LogTag
tp,38.05440663829265,-121.69110115628847,2025-02-05T17:49:04Z,-2.8747291564941406
tp,38.054397460108675,-121.69096696201869,2025-02-05T17:49:08Z,2.5508079528808594
tp,38.054366315679545,-121.69107655571378,2025-02-05T17:49:19Z,2.9565392518416047
tp,38.05430787004534,-121.69116764454752,2025-02-05T17:49:32Z,3.1581078385934234
tp,38.05426960108942,-121.69128254174018,2025-02-05T17:49:40Z,1.5778233585879207
tp,38.054190568108794,-121.69135644827382,2025-02-05T17:49:51Z,1.1718162912875414
tp,38.054108679906285,-121.69142237725931,2025-02-05T17:50:02Z,0.008197060786187649
tp,38.05403277409258,-121.69151190821582,2025-02-05T17:50:12Z,0.05939394421875477
tp,38.05398545501057,-121.69161841440928,2025-02-05T17:50:20Z,-0.3204295374453068
tp,38.05392109989234,-121.69171597323151,2025-02-05T17:50:28Z,-0.5026675686240196
tp,38.05382425704459,-121.69180188078519,2025-02-05T17:50:40Z,-0.14790319558233023
tp,38.05375427160361,-121.69188883179599,2025-02-05T17:50:50Z,-0.145229397341609
tp,38.05367243111922,-121.69197243371333,2025-02-05T17:50:59Z,0.8920803563669324
tp,38.053591746126116,-121.69202854338832,2025-02-05T17:51:09Z,0.9265240533277392
tp,38.053497073432915,-121.69205888187227,2025-02-05T17:51:18Z,0.6741649704053998
tp,38.0534087304354,-121.69211783646654,2025-02-05T17:51:30Z,1.0302447313442826
tp,38.053325766262915,-121.69217356725784,2025-02-05T17:51:41Z,0.7877030931413174
tp,38.05322961383449,-121.69222736502743,2025-02-05T17:51:56Z,0.3654371090233326
tp,38.05303966994399,-121.69235132378321,2025-02-05T17:52:44Z,1.0106148049235344
tp,38.052830650158135,-121.69248225141565,2025-02-05T17:53:33Z,1.6967647774145007
tp,38.05274377004235,-121.69253022854018,2025-02-05T17:53:53Z,1.4537236206233501
tp,38.052616426765795,-121.69257872069828,2025-02-05T17:54:11Z,1.3144868994131684
tp,38.052499836817006,-121.69263702914462,2025-02-05T17:54:33Z,1.7890095999464393
tp,38.052345430270876,-121.69280157317989,2025-02-05T17:55:05Z,1.5536845261231065
tp,38.05219607481823,-121.69288146223968,2025-02-05T17:55:34Z,1.62775984313339
tp,38.05211864974981,-121.69294270154377,2025-02-05T17:55:49Z,1.2871877243742347
tp,38.05196269065959,-121.69306770381417,2025-02-05T17:56:22Z,1.874053473584354
tp,38.05177042979799,-121.6932742106985,2025-02-05T17:57:07Z,1.748315630480647
tp,38.05167270702206,-121.69335684292706,2025-02-05T17:57:25Z,1.9662497760728002
tp,38.05153368309511,-121.6934798761157,2025-02-05T17:57:55Z,2.3884915467351675
tp,38.05140464126885,-121.69358219434429,2025-02-05T17:58:24Z,1.5194717375561595
tp,38.05124637450037,-121.69370843258629,2025-02-05T17:58:53Z,1.822847817093134
tp,38.05117220750589,-121.69377583790762,2025-02-05T17:59:08Z,1.861029690131545
tp,38.0510989634071,-121.69384784668918,2025-02-05T17:59:26Z,2.0939926430583
tp,38.05103116815967,-121.69393492822951,2025-02-05T17:59:43Z,2.142557619139552
tp,38.05094903397004,-121.69400008155154,2025-02-05T17:59:57Z,1.8992839558050036
tp,38.050867579371356,-121.69407010156854,2025-02-05T18:00:14Z,1.9888590220361948
tp,38.05077403886763,-121.6941661338269,2025-02-05T18:00:31Z,2.241771772503853
tp,38.050649517477616,-121.69439559849452,2025-02-05T18:01:13Z,1.6072063893079758
tp,38.050583449129306,-121.69447806234811,2025-02-05T18:01:21Z,1.7281000521034002
tp,38.0505188219665,-121.69457895624086,2025-02-05T18:01:27Z,1.8098230008035898
tp,38.05043357337642,-121.69467221368866,2025-02-05T18:01:34Z,1.3610147833824158
tp,38.050349210777384,-121.69471702385893,2025-02-05T18:01:40Z,1.8409075448289514
tp,38.0502565387844,-121.6947177246595,2025-02-05T18:01:48Z,2.286863881163299
tp,38.05013631513944,-121.69466040944577,2025-02-05T18:01:58Z,1.7121469778940082
tp,38.05010503790642,-121.6945366952702,2025-02-05T18:02:08Z,1.3438673382624984
tp,38.050101060046096,-121.694413768941,2025-02-05T18:02:17Z,1.3533165333792567
tp,38.053402604777794,-121.69145484086584,2025-02-05T18:12:35Z,1.89601406827569
tp,38.0533234256323,-121.69153836911255,2025-02-05T18:12:44Z,1.6168713420629501
tp,38.05308074114081,-121.6917651356814,2025-02-05T18:13:12Z,1.3965581031516194
tp,38.05300445963755,-121.69183538058611,2025-02-05T18:13:25Z,1.5076961601153016
tp,38.052879356440954,-121.69195450757572,2025-02-05T18:13:44Z,1.5641316501423717
tp,38.05279372374867,-121.69204716579226,2025-02-05T18:13:57Z,1.2318414486944675
tp,38.052726733111804,-121.69212707058954,2025-02-05T18:14:11Z,1.0612770467996597
tp,38.05265211764977,-121.69220243750142,2025-02-05T18:14:23Z,1.7944234274327755
tp,38.0525443573102,-121.69230585823364,2025-02-05T18:14:42Z,1.6451478656381369
tp,38.05248272952453,-121.69239607473096,2025-02-05T18:14:57Z,0.8243300504982471
tp,38.052424592217704,-121.6924973414461,2025-02-05T18:15:12Z,1.5186294196173549
tp,38.05236325160149,-121.69258516870337,2025-02-05T18:15:25Z,1.64619124494493
tp,38.052162703696716,-121.6928715759185,2025-02-05T18:16:11Z,1.1358420690521598
tp,38.05198020187943,-121.69305689512291,2025-02-05T18:16:43Z,1.6777337398380041
tp,38.05191644552538,-121.69314654118126,2025-02-05T18:16:55Z,1.4258950734511018
tp,38.05185640314893,-121.69324908254912,2025-02-05T18:17:08Z,1.7760247830301523
tp,38.051758342238806,-121.693350348243,2025-02-05T18:17:26Z,2.0074088349938393
tp,38.05168776885384,-121.69343200355131,2025-02-05T18:17:38Z,2.1010750886052847
tp,38.05162318719643,-121.69352433676016,2025-02-05T18:17:51Z,2.3021210758015513
tp,38.05155449758658,-121.69364060139536,2025-02-05T18:18:07Z,1.9385234517976642
tp,38.051496342075374,-121.69374189860295,2025-02-05T18:18:20Z,1.8343026600778103
tp,38.051405263130334,-121.69386551021698,2025-02-05T18:18:37Z,2.0017105974256992
tp,38.05133402610964,-121.69393859363822,2025-02-05T18:18:51Z,1.9121444439515471
tp,38.05126388436427,-121.6940196494685,2025-02-05T18:19:04Z,2.1681620739400387
tp,38.05120212269226,-121.69412133830832,2025-02-05T18:19:17Z,2.0238559832796454
tp,38.05109977285454,-121.69423370645899,2025-02-05T18:19:37Z,2.053901333361864
tp,38.05103337618618,-121.6943201058168,2025-02-05T18:19:50Z,2.1774250362068415
tp,38.05096159517596,-121.69442839334224,2025-02-05T18:20:05Z,2.2623355062678456
tp,38.05083487959241,-121.69460403178175,2025-02-05T18:20:31Z,2.180502531118691
tp,38.0507582225671,-121.69468593917453,2025-02-05T18:20:43Z,2.623781206086278
tp,38.050683062087806,-121.69480334190008,2025-02-05T18:20:59Z,2.373586026020348
tp,38.05061435531089,-121.69489270272545,2025-02-05T18:21:15Z,2.388709823600948
tp,38.050539216503836,-121.69499748782323,2025-02-05T18:21:28Z,2.7189925760030746
tp,38.05047588879767,-121.69508638243234,2025-02-05T18:21:40Z,2.6756219901144505
tp,38.05041493742028,-121.6951757136509,2025-02-05T18:21:52Z,2.506887748837471
tp,38.05035752568397,-121.69527286440433,2025-02-05T18:22:04Z,2.532271702773869
tp,38.0502922380756,-121.69536068785139,2025-02-05T18:22:16Z,2.3766567623242736
tp,38.05022276637176,-121.69546658512346,2025-02-05T18:22:30Z,2.6379008879885077
tp,38.050081079956755,-121.69560326889071,2025-02-05T18:22:59Z,1.9530199598520994
tp,38.049884789269065,-121.69577054221382,2025-02-05T18:23:17Z,2.381429046392441
tp,38.04981312068613,-121.69584111792004,2025-02-05T18:23:22Z,2.2961341738700867
tp,38.04973837877498,-121.69591485165462,2025-02-05T18:23:28Z,2.225488976575434
tp,38.04966601221764,-121.6959859588095,2025-02-05T18:23:35Z,1.9683236619457603
tp,38.04958411281044,-121.69604053273505,2025-02-05T18:23:42Z,1.8963913610205054
tp,38.049481555972676,-121.6960535444889,2025-02-05T18:23:51Z,1.8289648024365306
tp,38.0493939221639,-121.69601080991035,2025-02-05T18:23:59Z,1.7321569249033928
tp,38.04937726034829,-121.6958866348205,2025-02-05T18:24:08Z,1.7259203400462866
tp,38.04943947061925,-121.69579195745679,2025-02-05T18:24:14Z,1.9917604690417647
tp,38.04950880875557,-121.6957168793132,2025-02-05T18:24:19Z,2.1643576649948955
tp,38.049582298673165,-121.6956369039922,2025-02-05T18:24:24Z,1.6540701249614358
tp,38.04966475637873,-121.69555599716416,2025-02-05T18:24:29Z,1.6692938674241304
tp,38.0497397831551,-121.69547002429553,2025-02-05T18:24:34Z,1.4161213412880898
tp,38.04981886377173,-121.695391849167,2025-02-05T18:24:39Z,1.2603038977831602
tp,38.049894414135196,-121.69530564189598,2025-02-05T18:24:44Z,1.0667919293045998
tp,38.04996231546284,-121.69521345526802,2025-02-05T18:24:49Z,1.371568063274026
tp,38.050025419595826,-121.69512149970275,2025-02-05T18:24:54Z,1.8564530480653048
tp,38.05008654570171,-121.6950213262473,2025-02-05T18:24:59Z,1.8290942125022411
tp,38.050149902621065,-121.69492088360931,2025-02-05T18:25:04Z,1.8855070294812322
tp,38.05021797413038,-121.6948203956272,2025-02-05T18:25:09Z,2.282834565266967
tp,38.050282259392546,-121.69472221022885,2025-02-05T18:25:14Z,2.046381969936192
tp,38.05035427441693,-121.69462943579647,2025-02-05T18:25:19Z,1.594765822403133
tp,38.050425690747204,-121.69453846165293,2025-02-05T18:25:24Z,1.7286393521353602
tp,38.050502854136596,-121.69444860908858,2025-02-05T18:25:29Z,1.9015207765623927
tp,38.05058491509917,-121.69436120179809,2025-02-05T18:25:34Z,1.9678969671949744
tp,38.050662479167244,-121.6942772003779,2025-02-05T18:25:39Z,2.343103088438511
tp,38.05076910310403,-121.69419488755022,2025-02-05T18:25:46Z,2.9969631051644683
tp,38.05085335548352,-121.69412964436194,2025-02-05T18:25:50Z,2.7512886226177216
tp,38.05094264553385,-121.69406200804491,2025-02-05T18:25:55Z,2.618152123875916
tp,38.051027905584945,-121.69400024539148,2025-02-05T18:26:00Z,1.8690303675830364
tp,38.05111518746072,-121.6939316584218,2025-02-05T18:26:05Z,2.638119905255735
tp,38.05119568324691,-121.69385218426032,2025-02-05T18:26:10Z,2.390126262791455
tp,38.051268552447034,-121.69376925970359,2025-02-05T18:26:15Z,2.327052030712366
tp,38.05134227408194,-121.69368500909016,2025-02-05T18:26:20Z,2.030802972614765
tp,38.051410498131794,-121.69359417792722,2025-02-05T18:26:25Z,1.8573997570201755
tp,38.051480092895964,-121.69349350330675,2025-02-05T18:26:30Z,2.0482321940362453
tp,38.05154834244651,-121.69339851160093,2025-02-05T18:26:35Z,1.9138099662959576
tp,38.051653779321015,-121.69327288593368,2025-02-05T18:26:42Z,2.2396557917818427
tp,38.05175738268278,-121.693191202488,2025-02-05T18:26:48Z,2.152129258029163
tp,38.05185418666252,-121.69313222340311,2025-02-05T18:26:53Z,2.104631352238357
tp,38.05195132522582,-121.6930825223237,2025-02-05T18:26:58Z,2.0145408967509866
tp,38.05203688992567,-121.6930201424529,2025-02-05T18:27:03Z,2.5683442698791623
tp,38.05212727196785,-121.69296510961841,2025-02-05T18:27:08Z,2.061363915912807
tp,38.052221982451286,-121.6929124866413,2025-02-05T18:27:13Z,2.053945353254676
tp,38.052313772315415,-121.69286712229597,2025-02-05T18:27:18Z,1.7727601239457726
tp,38.05240843263242,-121.6928230620367,2025-02-05T18:27:23Z,1.9678315045312047
tp,38.05249564978883,-121.69276879221509,2025-02-05T18:27:28Z,2.3116019750013947
tp,38.052579811619744,-121.69271188689395,2025-02-05T18:27:33Z,2.376762750558555
tp,38.05266305736931,-121.6926375880262,2025-02-05T18:27:38Z,2.70582352951169
tp,38.052751603299356,-121.69257225283728,2025-02-05T18:27:43Z,2.594936332665384
tp,38.052852564018195,-121.69249239392006,2025-02-05T18:27:49Z,2.4678120715543628
tp,38.05295100318454,-121.69239325296219,2025-02-05T18:27:55Z,2.3268378358334303
tp,38.05301516604519,-121.69230184344221,2025-02-05T18:28:00Z,2.5251006800681353
tp,38.05307729058163,-121.69221090053723,2025-02-05T18:28:05Z,2.5689746756106615
tp,38.05314357781928,-121.6921203961168,2025-02-05T18:28:10Z,2.5983662735670805
tp,38.0532134596305,-121.69203039392401,2025-02-05T18:28:15Z,2.507287464104593
tp,38.05329301024809,-121.69194284612017,2025-02-05T18:28:20Z,2.774108365178108
tp,38.053370835772775,-121.6918612643153,2025-02-05T18:28:25Z,2.7205847008153796
tp,38.0534506779422,-121.69177383890728,2025-02-05T18:28:30Z,2.866835942491889
tp,38.05352662103701,-121.69169119887971,2025-02-05T18:28:35Z,3.1500310515984893
tp,38.053605999738295,-121.69162146892853,2025-02-05T18:28:40Z,2.6075182873755693
tp,38.053684276931115,-121.69154681910737,2025-02-05T18:28:45Z,2.2435932708904147
tp,38.05376150684891,-121.69146860148562,2025-02-05T18:28:50Z,2.1604595305398107
tp,38.053861529178285,-121.69143541270385,2025-02-05T18:28:56Z,1.7716839015483856
tp,38.0539368450606,-121.69151337086556,2025-02-05T18:29:04Z,1.3568062959238887
tp,38.053978052274566,-121.69141200442728,2025-02-05T18:29:41Z,2.2959449542686343
LogEnd
LogHeader,"","",1
LogTag
tp,38.089709555603605,-121.63977417624994,2025-01-22T19:28:45Z,-0.010895089246332645
tp,38.089720344489166,-121.63989817034144,2025-01-22T19:28:55Z,0.6284859739243984
tp,38.089727002706994,-121.6400512048944,2025-01-22T19:29:08Z,0.029967508278787136
tp,38.08974214615622,-121.64017318109352,2025-01-22T19:29:18Z,0.318887903355062
tp,38.0897423502837,-121.64032371201779,2025-01-22T19:29:30Z,0.18364062625914812
tp,38.08974699956736,-121.64044206782974,2025-01-22T19:29:43Z,0.0425171060487628
tp,38.08973978326142,-121.64056967232679,2025-01-22T19:30:08Z,0.4176407139748335
tp,38.08973841364463,-121.64068624021503,2025-01-22T19:30:22Z,0.08931826706975698
tp,38.089757668356974,-121.64080967786018,2025-01-22T19:30:37Z,-0.061146216467022896
tp,38.089784376528904,-121.6409210710257,2025-01-22T19:30:50Z,-0.2057758215814829
tp,38.08981409682133,-121.64103243296715,2025-01-22T19:31:03Z,-0.10400755796581507
tp,38.08985740992596,-121.64118821538872,2025-01-22T19:31:37Z,-0.06640105415135622
tp,38.089887323192336,-121.64129944410908,2025-01-22T19:31:50Z,-0.1804753402248025
tp,38.08992454770731,-121.64141047772564,2025-01-22T19:32:04Z,-0.008578873239457607
tp,38.08996225425094,-121.6415213758162,2025-01-22T19:32:28Z,-0.16194828413426876
tp,38.09000079912805,-121.64162648254523,2025-01-22T19:32:41Z,0.09735749009996653
tp,38.09003856938134,-121.64175220905572,2025-01-22T19:32:57Z,0.16851929109543562
tp,38.09008187863929,-121.64185837207935,2025-01-22T19:33:13Z,-0.4961609588935971
tp,38.0901081553193,-121.64196861419425,2025-01-22T19:33:35Z,0.21336476784199476
tp,38.090126440387195,-121.6420904178177,2025-01-22T19:33:59Z,0.3218934405595064
tp,38.090144530699185,-121.64221325173038,2025-01-22T19:34:13Z,0.16993824392557144
tp,38.0901548307219,-121.64232720026223,2025-01-22T19:34:35Z,-0.020648515783250332
tp,38.09017987067761,-121.64244447149875,2025-01-22T19:34:43Z,-0.002896971069276333
tp,38.09020349190712,-121.64255462375249,2025-01-22T19:34:51Z,-0.10150901507586241
tp,38.090216488724984,-121.64267833010557,2025-01-22T19:35:06Z,-0.15271730720996857
tp,38.090193402960445,-121.6428022258077,2025-01-22T19:35:27Z,-0.053330681286752224
tp,38.090116843931774,-121.6428853213207,2025-01-22T19:35:36Z,-0.33119889348745346
tp,38.09001687026828,-121.64286936496062,2025-01-22T19:35:42Z,-0.2552603967487812
tp,38.08993896560238,-121.64277783361779,2025-01-22T19:35:48Z,-0.09974627289921045
tp,38.08991350419844,-121.64266460959726,2025-01-22T19:35:53Z,-0.2138966890051961
tp,38.08989272214514,-121.64253341985783,2025-01-22T19:35:58Z,-0.3565957359969616
tp,38.089867257115024,-121.64242180600611,2025-01-22T19:36:02Z,-0.4984996234998107
tp,38.08984012348709,-121.64230812515933,2025-01-22T19:36:06Z,-0.3373308703303337
tp,38.08981003120245,-121.6421957239323,2025-01-22T19:36:10Z,-0.5309863649308681
tp,38.08977706612143,-121.64207211744268,2025-01-22T19:36:16Z,-0.23581137973815203
tp,38.08977240707798,-121.64193417848429,2025-01-22T19:36:25Z,-0.37834192905575037
tp,38.08975529855077,-121.64180702240404,2025-01-22T19:36:31Z,0.1750567238777876
tp,38.08972292349255,-121.64167221913624,2025-01-22T19:36:36Z,0.3571958774700761
tp,38.08969305456137,-121.64155735444191,2025-01-22T19:36:40Z,0.4388539921492338
tp,38.08965955600502,-121.64144252477551,2025-01-22T19:36:44Z,0.17038252390921116
tp,38.08962320723352,-121.6413341031709,2025-01-22T19:36:48Z,-0.019349426962435246
tp,38.08959067717167,-121.64121045517591,2025-01-22T19:36:52Z,-0.2796784173697233
tp,38.089566614555714,-121.64108238427667,2025-01-22T19:36:56Z,-0.04116442706435919
tp,38.089537015048556,-121.64096138747476,2025-01-22T19:37:00Z,0.01870366558432579
tp,38.08951525289811,-121.6408390102641,2025-01-22T19:37:04Z,-0.1427787970751524
tp,38.08949126955184,-121.64071726312899,2025-01-22T19:37:08Z,-0.13785063661634922
tp,38.08946645259866,-121.64059840151748,2025-01-22T19:37:12Z,0.5701253022998571
tp,38.089444234120414,-121.6404777410812,2025-01-22T19:37:16Z,0.7204927075654268
tp,38.08941703243173,-121.6403638449486,2025-01-22T19:37:20Z,0.4048539437353611
tp,38.089386605753475,-121.64024594920608,2025-01-22T19:37:24Z,0.12389856111258268
tp,38.089347168635996,-121.6401350558588,2025-01-22T19:37:28Z,-0.07740614656358957
tp,38.08931456678132,-121.64001983473726,2025-01-22T19:37:32Z,-0.320075161755085
tp,38.08928198932495,-121.63990239751047,2025-01-22T19:37:36Z,-0.19753160793334246
tp,38.08924616460921,-121.63978746993119,2025-01-22T19:37:40Z,-0.480687839910388
tp,38.08921507733687,-121.63966885373785,2025-01-22T19:37:44Z,-0.7157466039061546
tp,38.08920427169926,-121.63955253511507,2025-01-22T19:37:48Z,-0.44589350186288357
tp,38.089225206586164,-121.63941475924038,2025-01-22T19:37:53Z,-0.06951088178902864
tp,38.089301086922,-121.63929794618302,2025-01-22T19:37:59Z,0.22085697390139103
tp,38.08938926936051,-121.63924383700142,2025-01-22T19:38:04Z,0.1203624214977026
tp,38.08948448672965,-121.63922053464708,2025-01-22T19:38:10Z,-0.3057646369561553
tp,38.08957908105722,-121.63923900546885,2025-01-22T19:38:21Z,-0.20067619811743498
tp,38.08962922478491,-121.63933574791558,2025-01-22T19:38:50Z,0.13210426084697247
tp,38.08959578090825,-121.63922935769794,2025-01-22T19:40:15Z,-0.13828583154827356
tp,38.08959692575287,-121.63910741726846,2025-01-22T19:41:00Z,0.19470127392560244
tp,38.08951525219386,-121.63916269675332,2025-01-22T19:41:45Z,0.14116534125059843
tp,38.08951002308818,-121.63928616253102,2025-01-22T19:42:20Z,0.3936289167031646
tp,38.08949736959026,-121.63943072549552,2025-01-22T19:43:07Z,0.39071144443005323
tp,38.08947491750179,-121.63956948975849,2025-01-22T19:45:08Z,-0.39221575297415257
tp,38.089516815508134,-121.63967181144534,2025-01-22T19:45:23Z,-0.07390446215867996
tp,38.08953939518529,-121.63979080111272,2025-01-22T19:45:33Z,-1.4154918612912297
tp,38.08958291697284,-121.63990296647684,2025-01-22T19:45:43Z,-0.5521398158743978
tp,38.089608364687585,-121.64002148816164,2025-01-22T19:45:53Z,-0.8423539539799094
tp,38.08964694528886,-121.64020311119957,2025-01-22T19:46:09Z,-1.5647548120468855
tp,38.08967416932614,-121.64031909459459,2025-01-22T19:46:18Z,-1.7867138115689158
tp,38.08970516132691,-121.64043424927378,2025-01-22T19:46:29Z,-0.9641150739043951
tp,38.089737731406345,-121.64055235773007,2025-01-22T19:46:47Z,-0.7465339200571179
tp,38.08975713489713,-121.6406668149781,2025-01-22T19:46:59Z,-0.622402723878622
tp,38.089817791514854,-121.6407616667984,2025-01-22T19:47:16Z,0.7890634629875422
tp,38.0898415481451,-121.64087194610798,2025-01-22T19:47:27Z,0.931779102422297
tp,38.08986030123948,-121.64102181973806,2025-01-22T19:48:00Z,2.447179897688329
tp,38.089881719942824,-121.6411363595353,2025-01-22T19:48:09Z,2.3222064804285765
tp,38.08989988287166,-121.64126019547233,2025-01-22T19:48:18Z,0.2814182238653302
tp,38.08992057854071,-121.64140737991123,2025-01-22T19:48:32Z,0.060886465944349766
tp,38.08994376856438,-121.64152227716514,2025-01-22T19:48:44Z,0.7592416051775217
tp,38.08996594449969,-121.6416364902725,2025-01-22T19:48:58Z,0.5171601325273514
tp,38.090029943535185,-121.64216228463954,2025-01-22T19:50:16Z,6.400721811689436
tp,38.09008861689464,-121.64226884853166,2025-01-22T19:50:34Z,4.896649606525898
tp,38.09015916896928,-121.64240841284773,2025-01-22T19:50:46Z,-1.3035808922722936
tp,38.0901947770493,-121.64251509846352,2025-01-22T19:50:55Z,-3.661129968240857
tp,38.09026707012613,-121.64263131109729,2025-01-22T19:51:21Z,-2.548484154045582
tp,38.090320281569134,-121.64272472427729,2025-01-22T19:51:31Z,-1.6218280522152781
tp,38.090379327135025,-121.6428227358764,2025-01-22T19:51:41Z,0.7359113665297627
tp,38.09043399877723,-121.64291734098177,2025-01-22T19:51:51Z,1.1937571661546826
tp,38.090490818985764,-121.64304723121379,2025-01-22T19:52:22Z,0.9272541860118508
tp,38.09077370158551,-121.64352610103293,2025-01-22T19:54:17Z,3.6448191134259105
tp,38.09086710652628,-121.64372951870425,2025-01-22T19:54:31Z,3.7101882621645927
tp,38.09093224368512,-121.64399497472407,2025-01-22T19:54:50Z,2.7019435120746493
tp,38.09102124391911,-121.64418078384226,2025-01-22T19:54:53Z,0.39996908605098724
tp,38.09109458881868,-121.64430750624034,2025-01-22T19:55:07Z,-0.6010628612712026
tp,38.09116660667514,-121.64440674389452,2025-01-22T19:55:32Z,-0.09192790277302265
tp,38.091231571319994,-121.64450507169448,2025-01-22T19:55:42Z,-0.25978430826216936
tp,38.0913104565509,-121.64461690798213,2025-01-22T19:56:05Z,-0.8432579468935728
tp,38.09139658640053,-121.64475036168491,2025-01-22T19:56:27Z,-1.8252981780096889
tp,38.091452912521575,-121.64484814443823,2025-01-22T19:56:38Z,-1.8872159058228135
tp,38.09150264772453,-121.64495717087003,2025-01-22T19:56:47Z,-2.3813781533390284
tp,38.09153439532138,-121.64506794060033,2025-01-22T19:56:54Z,-2.276877340860665
tp,38.09151126179871,-121.64517840706388,2025-01-22T19:57:00Z,-2.299575701355934
tp,38.091420632572124,-121.64523219214142,2025-01-22T19:57:06Z,-1.9506096551194787
tp,38.09133275575958,-121.64520321318655,2025-01-22T19:57:11Z,-1.7797255106270313
tp,38.091247587716545,-121.64511686216035,2025-01-22T19:57:17Z,-1.5887646218761802
tp,38.09117664397979,-121.6450135891287,2025-01-22T19:57:22Z,-2.5990148531273007
tp,38.09111300008626,-121.64489480043846,2025-01-22T19:57:27Z,-2.6229666331782937
tp,38.091063006523775,-121.64479526333679,2025-01-22T19:57:31Z,-2.471092159859836
tp,38.09101183553126,-121.64469067578699,2025-01-22T19:57:35Z,-1.8391484627500176
tp,38.09096318689141,-121.64458358084492,2025-01-22T19:57:39Z,-1.3899864070117474
tp,38.090919019645206,-121.64447563136375,2025-01-22T19:57:43Z,-1.4458554750308394
tp,38.09087426285046,-121.6443699572697,2025-01-22T19:57:47Z,-1.0958069432526827
tp,38.09082796036073,-121.6442696205325,2025-01-22T19:57:51Z,-1.1776418527588248
tp,38.0907812100799,-121.64417069602027,2025-01-22T19:57:55Z,-1.6306827329099178
tp,38.090733371097166,-121.64407384387829,2025-01-22T19:57:59Z,-0.9939465075731277
tp,38.09067491573356,-121.64395329723413,2025-01-22T19:58:04Z,-1.0537238884717226
tp,38.090630557249305,-121.64385405586236,2025-01-22T19:58:08Z,-1.2944594575092196
tp,38.09058438213555,-121.6437529372746,2025-01-22T19:58:12Z,-1.6286313906311989
tp,38.0905360294286,-121.64365280355203,2025-01-22T19:58:16Z,-1.8349648853763938
tp,38.090479461165046,-121.64353118533907,2025-01-22T19:58:21Z,-2.0530605372041464
tp,38.0904342186295,-121.64343168944262,2025-01-22T19:58:25Z,-2.4281573724001646
tp,38.09039143974913,-121.64332797254303,2025-01-22T19:58:29Z,-2.377738282084465
tp,38.09034688320571,-121.64319731695099,2025-01-22T19:58:34Z,-2.3899747375398874
tp,38.09030668801717,-121.64306877022585,2025-01-22T19:58:39Z,-2.4064416643232107
tp,38.09026776796755,-121.64295742988703,2025-01-22T19:58:43Z,-1.9205966917797923
tp,38.090224513997796,-121.64282372082181,2025-01-22T19:58:48Z,-1.8217975432053208
tp,38.09018304415356,-121.64271482593688,2025-01-22T19:58:52Z,-1.1740355687215924
tp,38.0901457768334,-121.6426072135102,2025-01-22T19:58:56Z,-0.1843144791200757
tp,38.090116492244455,-121.64249872889647,2025-01-22T19:59:00Z,-0.2229019170626998
tp,38.090085422313344,-121.64238786865313,2025-01-22T19:59:04Z,-0.012483356520533562
tp,38.09005296317947,-121.64227012913709,2025-01-22T19:59:08Z,0.515665733255446
tp,38.0900145616296,-121.64214259276376,2025-01-22T19:59:13Z,0.4283440001308918
tp,38.089990523082314,-121.64203023868605,2025-01-22T19:59:17Z,0.19800930190831423
tp,38.08996190568441,-121.64192113823144,2025-01-22T19:59:21Z,-0.15574285201728344
tp,38.08993153918051,-121.64178920161517,2025-01-22T19:59:26Z,-0.2793041421100497
tp,38.089900617950086,-121.64166054904841,2025-01-22T19:59:31Z,-0.5796648664399981
tp,38.08987046883188,-121.64154585396933,2025-01-22T19:59:35Z,-0.9501544591039419
tp,38.08984380794455,-121.64143563224752,2025-01-22T19:59:39Z,-1.3566871592774987
tp,38.0898114990142,-121.64132741587841,2025-01-22T19:59:43Z,-1.194654107093811
tp,38.08977652186339,-121.64120331628331,2025-01-22T19:59:48Z,-1.406407568603754
tp,38.08973254604956,-121.6410787419428,2025-01-22T19:59:53Z,-1.679851645603776
tp,38.08970016870806,-121.64097042727245,2025-01-22T19:59:57Z,-2.1473915968090296
tp,38.089664234180404,-121.64086383176968,2025-01-22T20:00:01Z,-2.5877026859670877
tp,38.08962409186316,-121.64075877949315,2025-01-22T20:00:05Z,-3.0959638049826026
tp,38.089582072289524,-121.64065714757187,2025-01-22T20:00:09Z,-2.6948541458696127
tp,38.08953321011779,-121.64053321017842,2025-01-22T20:00:14Z,-2.5726713379845023
tp,38.08939388305338,-121.64017399433784,2025-01-22T20:00:28Z,-2.8473713528364897
tp,38.08935218959377,-121.64007279117348,2025-01-22T20:00:32Z,-2.7207113848999143
tp,38.08931558502489,-121.63996501162254,2025-01-22T20:00:36Z,-2.7302163634449244
tp,38.0892911279918,-121.63983446842563,2025-01-22T20:00:41Z,-2.555955635383725
tp,38.08927284919404,-121.63972253972345,2025-01-22T20:00:45Z,-2.455784121528268
tp,38.08927732483946,-121.63959787032576,2025-01-22T20:00:50Z,-2.5952321477234364
tp,38.08930326876505,-121.63948552937777,2025-01-22T20:00:56Z,-2.4768391512334347
tp,38.08937037256082,-121.63940491804256,2025-01-22T20:01:03Z,-2.532247175462544
tp,38.08945672938012,-121.63936520221084,2025-01-22T20:01:10Z,-2.4900703877210617
tp,38.089552965867576,-121.63937028413349,2025-01-22T20:01:17Z,-2.1953990161418915
tp,38.089636062635584,-121.63944410518071,2025-01-22T20:01:25Z,-2.054648152552545
tp,38.08969167805664,-121.63954784649883,2025-01-22T20:01:32Z,-2.0035510528832674
tp,38.089733246517625,-121.63966212452323,2025-01-22T20:01:39Z,-2.1897438960149884
tp,38.08964615187507,-121.63962298788817,2025-01-22T20:02:36Z,-2.007819720543921
tp,38.0895694393841,-121.63955788363289,2025-01-22T20:02:59Z,-1.711913133971393
tp,38.089546719648425,-121.63981444588092,2025-01-22T20:05:35Z,-1.3509703734889627
tp,38.08952708533897,-121.6399393697085,2025-01-22T20:05:49Z,-1.3943057842552662
tp,38.08953242334747,-121.64006012592154,2025-01-22T20:05:58Z,-1.2548271473497152
tp,38.08954726947767,-121.64017551360674,2025-01-22T20:06:06Z,-1.5469511430710554
tp,38.08956382048878,-121.64029702009897,2025-01-22T20:06:14Z,-1.3924792921170592
tp,38.08958886998072,-121.64041388869342,2025-01-22T20:06:22Z,-1.0656618187204003
tp,38.08961172980402,-121.64052485254837,2025-01-22T20:06:29Z,-1.3711511008441448
tp,38.089634400661105,-121.64064312386294,2025-01-22T20:06:37Z,-1.2357854545116425
tp,38.089662805928256,-121.64075988960744,2025-01-22T20:06:44Z,-1.3684086361899972
tp,38.089689337037285,-121.64087250227473,2025-01-22T20:06:51Z,-1.3674478325992823
tp,38.089720254216495,-121.64097992358765,2025-01-22T20:06:59Z,-0.7885210365056992
tp,38.08973249340346,-121.64109307637004,2025-01-22T20:07:09Z,-0.6467286255210638
tp,38.08976263486811,-121.64125025349519,2025-01-22T20:07:27Z,-2.60712256655097
tp,38.08978517109289,-121.64136197829784,2025-01-22T20:07:40Z,-2.970635631121695
tp,38.0898028835968,-121.64147432072777,2025-01-22T20:07:52Z,-2.2201051292940974
tp,38.08981937205562,-121.64158871000399,2025-01-22T20:08:04Z,-3.7905929582193494
tp,38.089850142536996,-121.64169893749735,2025-01-22T20:08:16Z,-3.5174419479444623
tp,38.089889904206686,-121.64181060332761,2025-01-22T20:08:27Z,-2.8814248060807586
tp,38.089930347103724,-121.6419242947929,2025-01-22T20:08:39Z,-3.570970215834677
tp,38.089976442242296,-121.64202228650203,2025-01-22T20:08:50Z,-2.4587622648105025
tp,38.09002375127719,-121.64212614313328,2025-01-22T20:09:03Z,-1.767139745876193
tp,38.0900701465223,-121.64222983281911,2025-01-22T20:09:14Z,-1.7246970580890775
tp,38.090126126600545,-121.64232805404755,2025-01-22T20:09:26Z,-1.6727372538298368
tp,38.09017002746224,-121.64243098685081,2025-01-22T20:09:38Z,-2.9088778663426638
tp,38.09022167159282,-121.64253542514109,2025-01-22T20:09:52Z,-3.0024880478158593
tp,38.0902787822539,-121.64262557517719,2025-01-22T20:10:04Z,-1.7601967733353376
tp,38.09032561892453,-121.64272862161627,2025-01-22T20:10:17Z,-2.258296369574964
tp,38.09037456929537,-121.64282498229713,2025-01-22T20:10:30Z,-1.8652323335409164
tp,38.090423947334344,-121.64292495687931,2025-01-22T20:10:43Z,-1.9133009314537048
tp,38.090485485759146,-121.64301975653116,2025-01-22T20:11:00Z,-5.736057713627815
tp,38.09052677254729,-121.64312240681026,2025-01-22T20:11:11Z,-4.43223340716213
tp,38.0905754201225,-121.64322634794671,2025-01-22T20:11:23Z,-2.539354581385851
tp,38.09068870516681,-121.6434598872668,2025-01-22T20:12:00Z,-1.5220856415107846
tp,38.09077741910861,-121.64366990529362,2025-01-22T20:12:26Z,-2.9656568374484777
tp,38.09083372777315,-121.6437741912951,2025-01-22T20:12:35Z,-2.6308967927470803
tp,38.090888679636066,-121.64387476410472,2025-01-22T20:12:44Z,-2.5568298818543553
tp,38.09094581262217,-121.64396491696088,2025-01-22T20:12:54Z,-1.5720808105543256
tp,38.09100213348366,-121.64405522090722,2025-01-22T20:13:04Z,-1.118990832939744
tp,38.09106478524398,-121.64414984786025,2025-01-22T20:13:15Z,-1.4771759677678347
tp,38.091179482561344,-121.64440554000643,2025-01-22T20:13:46Z,-4.721393854357302
tp,38.09124407009437,-121.64450273872879,2025-01-22T20:13:57Z,-3.497037896886468
tp,38.09129511108727,-121.6446022320511,2025-01-22T20:14:08Z,-2.0896867411211133
tp,38.09134965454543,-121.64478820174685,2025-01-22T20:14:37Z,3.4530900809913874
tp,38.09141276603705,-121.64487914078231,2025-01-22T20:14:46Z,2.5803445419296622
tp,38.0914808190776,-121.64496872017133,2025-01-22T20:14:57Z,-3.188215027563274
tp,38.09154770390445,-121.64505411747943,2025-01-22T20:15:06Z,-4.040006714873016
tp,38.09167071031359,-121.64540970789677,2025-01-22T20:15:59Z,0.06483109015971422
tp,38.09174612361538,-121.64547582145047,2025-01-22T20:16:07Z,0.15563337039202452
tp,38.091841311747416,-121.64553783590789,2025-01-22T20:16:16Z,-3.5319807957857847
tp,38.09192177042165,-121.64560455904936,2025-01-22T20:16:27Z,-3.7502551609650254
tp,38.09199748981331,-121.64568363774426,2025-01-22T20:16:39Z,-2.480023198761046
tp,38.09206087592774,-121.64576689747227,2025-01-22T20:16:50Z,-1.8316360460594296
tp,38.09213291233863,-121.64590942062993,2025-01-22T20:17:04Z,-3.8507016245275736
tp,38.09219443996174,-121.64600297524598,2025-01-22T20:17:14Z,-4.3408769723027945
tp,38.092265679016066,-121.64608162729127,2025-01-22T20:17:25Z,-1.9285424780100584
tp,38.09233458008894,-121.64619943051429,2025-01-22T20:17:50Z,-1.3039609286934137
tp,38.09237783151796,-121.64630428534166,2025-01-22T20:18:10Z,-1.7889220146462321
tp,38.092432812352236,-121.6464065267094,2025-01-22T20:18:34Z,-1.9544414263218641
tp,38.09248971155122,-121.6465064282958,2025-01-22T20:18:41Z,-2.1188551215454936
LogEnd
LogHeader,"","",1
LogTag
tp,38.05478956553904,-121.69085238140234,2025-01-22T18:27:59Z,15.16506576538086
tp,38.05471894800482,-121.69092538777896,2025-01-22T18:28:10Z,1.0254478454589844
tp,38.05465232278016,-121.69100209135752,2025-01-22T18:28:19Z,0.3605614770203829
tp,38.0545739163197,-121.69107807453355,2025-01-22T18:28:31Z,-2.521213431842625
tp,38.05446802429414,-121.69115520636566,2025-01-22T18:28:50Z,0.8222682131454349
tp,38.05438259992614,-121.69120068445672,2025-01-22T18:29:10Z,0.5741391377523541
tp,38.054298179826624,-121.6912450652215,2025-01-22T18:29:31Z,0.34404557570815086
tp,38.05421073340283,-121.69129521597495,2025-01-22T18:29:55Z,0.07010800763964653
tp,38.05411924818745,-121.69135429397467,2025-01-22T18:30:12Z,-0.3432515785098076
tp,38.05395435469806,-121.69155667236777,2025-01-22T18:30:53Z,0.4024388547986746
tp,38.053870387815266,-121.691656460906,2025-01-22T18:31:22Z,0.9165791813284159
tp,38.05379376381289,-121.69174015302775,2025-01-22T18:31:45Z,0.832257466390729
tp,38.05372392477464,-121.69182210067193,2025-01-22T18:32:09Z,0.6670734323561192
tp,38.05365369371145,-121.69191195088658,2025-01-22T18:32:30Z,0.7598201967775822
tp,38.053519541935486,-121.69206847394905,2025-01-22T18:33:10Z,0.09019085671752691
tp,38.05345583083556,-121.69215413778998,2025-01-22T18:33:28Z,0.5513003803789616
tp,38.053340664065885,-121.69225139665609,2025-01-22T18:33:57Z,-0.7120572719722986
tp,38.053252888170526,-121.69231717457984,2025-01-22T18:34:25Z,0.6351598966866732
tp,38.05317503283494,-121.69238529382932,2025-01-22T18:34:50Z,1.7592201130464673
tp,38.053089126324316,-121.69244762956747,2025-01-22T18:35:06Z,0.018425694666802883
tp,38.05300207892763,-121.69251468424278,2025-01-22T18:35:28Z,0.013653399422764778
tp,38.05291861214059,-121.69258184224573,2025-01-22T18:35:47Z,0.2975115003064275
tp,38.05279863921378,-121.69270369126495,2025-01-22T18:36:27Z,0.2493970338255167
tp,38.05273239087335,-121.69281312674698,2025-01-22T18:36:51Z,0.45645654294639826
tp,38.052622375425436,-121.69297995780856,2025-01-22T18:37:46Z,2.745296148583293
tp,38.052534070295906,-121.69301641493496,2025-01-22T18:38:13Z,1.1082594320178032
tp,38.052453560303384,-121.69307653947807,2025-01-22T18:38:25Z,0.2803194196894765
tp,38.0523798542252,-121.6931511858801,2025-01-22T18:38:35Z,0.3605527952313423
tp,38.05230427210701,-121.6932337028109,2025-01-22T18:38:44Z,0.23181360494345427
tp,38.05222404353377,-121.69329551758518,2025-01-22T18:38:58Z,0.16435438953340054
tp,38.05220812963238,-121.69318167167565,2025-01-22T18:41:27Z,0.5366021962836385
tp,38.05227042290648,-121.6930959098671,2025-01-22T18:42:27Z,-0.03010694310069084
tp,38.052351260400606,-121.69304272887886,2025-01-22T18:43:19Z,0.2655462333932519
tp,38.05241746751285,-121.69296054043235,2025-01-22T18:44:06Z,-0.6195634566247463
tp,38.05247851562286,-121.69287177968333,2025-01-22T18:45:05Z,-0.717531118541956
tp,38.05254485037616,-121.69279443481304,2025-01-22T18:45:55Z,-0.5734574068337679
tp,38.05261870442487,-121.6927254572933,2025-01-22T18:47:17Z,-0.19694792944937944
tp,38.052704562359246,-121.69267963611819,2025-01-22T18:48:13Z,-0.18512253556400537
tp,38.052789202360394,-121.69263841898572,2025-01-22T18:49:17Z,0.0824005464091897
tp,38.05287624180018,-121.69260372174091,2025-01-22T18:50:56Z,0.0027995044365525246
tp,38.05277986031794,-121.6926099348885,2025-01-22T18:51:55Z,-0.2842709990218282
tp,38.05269442782172,-121.69266698836769,2025-01-22T18:52:04Z,-0.7801739033311605
tp,38.05261765110216,-121.69273121143094,2025-01-22T18:52:13Z,-0.9233879065141082
tp,38.05253998832661,-121.69281097765837,2025-01-22T18:52:23Z,-1.1050804452970624
tp,38.05246613850268,-121.69290446844062,2025-01-22T18:52:33Z,-0.5496162921190262
tp,38.05239179968086,-121.69298847561366,2025-01-22T18:52:42Z,-1.0488537522032857
tp,38.05231327814878,-121.6930796520852,2025-01-22T18:52:52Z,-1.1349888034164906
tp,38.05221372582313,-121.69320901879645,2025-01-22T18:53:08Z,-0.6029080953449011
tp,38.052138438894936,-121.69327757161724,2025-01-22T18:53:20Z,-0.9556833738461137
tp,38.052052290647914,-121.69338843231834,2025-01-22T18:53:48Z,-0.31930290535092354
tp,38.0519204618576,-121.69357546860512,2025-01-22T18:54:33Z,0.9324151081964374
tp,38.05177393844015,-121.69381303464485,2025-01-22T18:55:11Z,4.03397455252707
tp,38.05169745573587,-121.693882146867,2025-01-22T18:55:23Z,2.2047502091154456
tp,38.05159653303815,-121.69399741780244,2025-01-22T18:55:43Z,0.7890481483191252
tp,38.05151910451228,-121.69412269790733,2025-01-22T18:56:08Z,2.0712659107521176
tp,38.05143007429148,-121.69423943571475,2025-01-22T18:56:27Z,0.7296371152624488
tp,38.05137705058297,-121.69434072661876,2025-01-22T18:56:44Z,0.7210790710523725
tp,38.05128336640974,-121.69448389348435,2025-01-22T18:57:12Z,0.17683108523488045
tp,38.05114864931254,-121.69473220844912,2025-01-22T18:58:07Z,-0.7952999360859394
tp,38.05108079090575,-121.69483476579802,2025-01-22T18:58:17Z,-0.373241969384253
tp,38.05100417797621,-121.69492129961296,2025-01-22T18:58:26Z,-0.3683484336361289
tp,38.05081962147014,-121.69518107205332,2025-01-22T18:59:32Z,-0.7829261422157288
tp,38.050636957038094,-121.69540479286712,2025-01-22T19:00:12Z,-1.0866310968995094
tp,38.05055103937693,-121.69553248744032,2025-01-22T19:00:26Z,0.06386181805282831
tp,38.050487677814736,-121.69562265469864,2025-01-22T19:00:37Z,0.51074527669698
tp,38.0504286326601,-121.69571646456832,2025-01-22T19:00:46Z,-0.17768774926662445
tp,38.050369737952465,-121.69583832760486,2025-01-22T19:01:04Z,-0.3333658752962947
tp,38.050247829653706,-121.69601256669254,2025-01-22T19:01:54Z,-0.5602444298565388
tp,38.05019181039151,-121.6961065766818,2025-01-22T19:02:10Z,-0.9515350591391325
tp,38.05007931083113,-121.69627157551882,2025-01-22T19:02:33Z,-0.1385200470685959
tp,38.050014784749465,-121.69635400479129,2025-01-22T19:02:49Z,-0.7189142601564527
LogEnd
LogHeader,"","",1
LogTag
tp,38.08968089312229,-121.63975725111952,2025-01-08T18:53:51Z,1.6584441857412457
tp,38.08968810871335,-121.63987870326106,2025-01-08T18:54:44Z,1.3831454180181026
tp,38.08976824393458,-121.63982446672333,2025-01-08T18:55:07Z,2.163425251841545
tp,38.089754083305145,-121.63968126906572,2025-01-08T18:55:15Z,1.9077936736866832
tp,38.08968655769851,-121.63949562165087,2025-01-08T18:55:22Z,2.0246509527787566
tp,38.089618852836885,-121.63930760916482,2025-01-08T18:55:29Z,1.498850705102086
tp,38.08959430304437,-121.63917306772302,2025-01-08T18:55:35Z,1.7079795533791184
tp,38.08960393230944,-121.63905966952514,2025-01-08T18:55:43Z,1.6020055618137121
tp,38.08960669063117,-121.63894436864078,2025-01-08T18:55:55Z,1.661593472585082
tp,38.0895333770214,-121.63866258764348,2025-01-08T18:57:00Z,1.3860483970493078
tp,38.0892827584704,-121.63832053753464,2025-01-08T18:58:43Z,1.87021891400218
tp,38.08896550137717,-121.63759348072419,2025-01-08T19:01:55Z,2.431077456101775
tp,38.08907223111689,-121.63765798607359,2025-01-08T19:03:25Z,1.7738672606647015
tp,38.089134682132574,-121.63774320111904,2025-01-08T19:03:37Z,2.1992695722728968
tp,38.08918714528043,-121.63784282113328,2025-01-08T19:03:45Z,2.4387794993817806
tp,38.08924293117442,-121.6379393526517,2025-01-08T19:03:52Z,2.5913045601919293
tp,38.089296175694365,-121.63804890416225,2025-01-08T19:04:00Z,2.2090738359838724
tp,38.089329151539026,-121.63816067862734,2025-01-08T19:04:13Z,1.9226454235613346
tp,38.0893518316894,-121.6382776843516,2025-01-08T19:04:54Z,2.3004305409267545
tp,38.089388028093396,-121.63838688394547,2025-01-08T19:05:16Z,2.0810226006433368
tp,38.08943636600864,-121.63848725232222,2025-01-08T19:05:45Z,2.2897521685808897
tp,38.08946771432711,-121.63860437570919,2025-01-08T19:06:12Z,2.290729308500886
tp,38.08943835371549,-121.63871226413843,2025-01-08T19:06:43Z,2.2868405943736434
tp,38.08947245671395,-121.63882065593941,2025-01-08T19:07:30Z,2.2457797145470977
tp,38.08955547145103,-121.63898276806204,2025-01-08T19:09:19Z,2.8803840074688196
tp,38.08959883900781,-121.63912957622199,2025-01-08T19:11:03Z,2.885864374227822
tp,38.08957811940983,-121.63924710846591,2025-01-08T19:12:06Z,2.8745163129642606
tp,38.089593932150024,-121.63935947306774,2025-01-08T19:13:29Z,2.4012811994180083
LogEnd
